id,code_origin,name_origin,type,code_change,name_change,create_time,edit_time
1,,,新设街道,110105044000,东湖街道,12/21/2017 11:19:57,12/21/2017 11:19:57
2,,,新设街道,110115011000,高米店街道,12/21/2017 11:19:57,12/21/2017 11:19:57
3,,,新设街道,110115012000,荣华街道,12/21/2017 11:19:57,12/21/2017 11:19:57
4,,,新设街道,110115013000,博兴街道,12/21/2017 11:19:57,12/21/2017 11:19:57
5,120110011000,华明新家园街道,更名,,华新街道,12/21/2017 11:19:57,12/21/2017 11:19:57
6,120101003000,体育馆街道,更名,,五大道街道,12/21/2017 11:19:57,12/21/2017 11:19:57
7,130223100000,滦州镇,撤镇建街道,130223003000,滦城路街道,12/21/2017 11:19:57,12/21/2017 11:19:57
8,130223101000,响嘡镇,撤镇建街道,130223004000,响嘡街道,12/21/2017 11:19:57,12/21/2017 11:19:57
9,130132203000,北褚乡,撤乡建镇,130132106000,北褚镇,12/21/2017 11:19:57,12/21/2017 11:19:57
10,130531206000,冯家寨乡,撤乡建镇,130531101000,冯家寨镇,12/21/2017 11:19:57,12/21/2017 11:19:57
11,130533200000,方家营乡,撤乡建镇,130533106000,方家营镇,12/21/2017 11:19:57,12/21/2017 11:19:57
12,130535202000,吕寨乡,撤乡建镇,130535105000,吕寨镇,12/21/2017 11:19:57,12/21/2017 11:19:57
13,130591200000,留村乡,撤乡建镇,130591104000,留村镇,12/21/2017 11:19:57,12/21/2017 11:19:57
14,130681202000,义和庄乡,撤乡建镇,130681106000,义和庄镇,12/21/2017 11:19:57,12/21/2017 11:19:57
15,130926201000,师素乡,撤乡建镇,130926105000,师素镇,12/21/2017 11:19:57,12/21/2017 11:19:57
16,130421104000,户村镇,区划变更,130404100000,户村镇,12/21/2017 11:19:57,12/21/2017 11:19:57
17,130421204000,康庄乡,区划变更,130404201000,康庄乡,12/21/2017 11:19:57,12/21/2017 11:19:57
18,150703006000,灵泉街道,撤街道建镇,150703100000,灵泉镇,12/21/2017 11:19:57,12/21/2017 11:19:57
19,150781011000,新开河街道,撤街道建镇,150781100000,新开河镇,12/21/2017 11:19:57,12/21/2017 11:19:57
20,211481211000,高家岭满族乡,撤乡建镇,211481108000,高家岭镇,12/21/2017 11:19:57,12/21/2017 11:19:57
21,210782112000,沟帮子镇,撤镇建街道,210782008000,沟帮子街道,12/21/2017 11:19:57,12/21/2017 11:19:57
22,211102006000,石油街道,撤销,,,12/21/2017 11:19:57,12/21/2017 11:19:57
23,,,新设镇,211102101000,统一镇,12/21/2017 11:19:57,12/21/2017 11:19:57
24,210727202000,头道河满族乡,撤乡建镇,210727112000,头道河镇,12/21/2017 11:19:57,12/21/2017 11:19:57
25,210727204000,留龙沟满族乡,撤乡建镇,210727113000,留龙沟镇,12/21/2017 11:19:57,12/21/2017 11:19:57
26,210727208000,聚粮屯满族乡,撤乡建镇,210727114000,聚粮屯镇,12/21/2017 11:19:57,12/21/2017 11:19:57
27,210702203000,钟屯乡,撤乡建街道,210702010000,钟屯街道,12/21/2017 11:19:57,12/21/2017 11:19:57
28,,,新设街道,210782009000,沙河子街道,12/21/2017 11:19:57,12/21/2017 11:19:57
29,,,新设街道,210403013000,抚东街道,12/21/2017 11:19:57,12/21/2017 11:19:57
30,,,新设街道,211322006000,东城街道,12/21/2017 11:19:57,12/21/2017 11:19:57
31,,,新设街道,211322007000,新城街道,12/21/2017 11:19:57,12/21/2017 11:19:57
32,,,新设街道,211404009000,龙飞街道,12/21/2017 11:19:57,12/21/2017 11:19:57
33,,,新设街道,211404010000,龙腾街道,12/21/2017 11:19:57,12/21/2017 11:19:57
34,,,新设街道,211404011000,龙祥街道,12/21/2017 11:19:57,12/21/2017 11:19:57
35,,,新设街道,210202018000,东港街道,12/21/2017 11:19:57,12/21/2017 11:19:57
36,211324205000,东哨乡,撤乡建镇,211324114000,东哨镇,12/21/2017 11:19:57,12/21/2017 11:19:57
37,211324215000,水泉乡,撤乡建镇,211324115000,水泉镇,12/21/2017 11:19:57,12/21/2017 11:19:57
38,211382209000,牛营子乡,撤乡建镇,211382116000,牛营子镇,12/21/2017 11:19:57,12/21/2017 11:19:57
39,211321218000,胜利乡,撤乡建镇,211321114000,胜利镇,12/21/2017 11:19:57,12/21/2017 11:19:57
40,211321225000,七道岭乡,撤乡建镇,211321115000,七道岭镇,12/21/2017 11:19:57,12/21/2017 11:19:57
41,211322213000,太平庄乡,撤乡建镇,211322119000,太平庄镇,12/21/2017 11:19:57,12/21/2017 11:19:57
42,211321109000,柳城镇,撤镇建街道,211321001000,柳城街道,12/21/2017 11:19:57,12/21/2017 11:19:57
43,220721207000,新立乡,名称变更,220721207000,白依拉嘎乡,12/21/2017 11:19:57,12/21/2017 11:19:57
44,220721209000,大山乡,名称变更,220721209000,额如乡,12/21/2017 11:19:57,12/21/2017 11:19:57
45,220721214000,孤店乡,名称变更,220721214000,浩特芒哈乡,12/21/2017 11:19:57,12/21/2017 11:19:57
46,230602001000,萨尔图街道,撤街道设社区工作站,,,12/21/2017 11:19:57,12/21/2017 11:19:57
47,230602005000,铁人街道,撤街道设社区工作站,,,12/21/2017 11:19:57,12/21/2017 11:19:57
48,230602006000,友谊街道,撤街道设社区工作站,,,12/21/2017 11:19:57,12/21/2017 11:19:57
49,230602007000,富强街道,撤街道设社区工作站,,,12/21/2017 11:19:57,12/21/2017 11:19:57
50,230602008000,拥军街道,撤街道设社区工作站,,,12/21/2017 11:19:57,12/21/2017 11:19:57
51,230602009000,会战街道,撤街道设社区工作站,,,12/21/2017 11:19:57,12/21/2017 11:19:57
52,230602010000,火炬街道,撤街道设社区工作站,,,12/21/2017 11:19:57,12/21/2017 11:19:57
53,230602011000,东风街道,撤街道设社区工作站,,,12/21/2017 11:19:57,12/21/2017 11:19:57
54,230602012000,东安街道,撤街道设社区工作站,,,12/21/2017 11:19:57,12/21/2017 11:19:57
55,230603001000,龙凤街道,撤街道设社区工作站,,,12/21/2017 11:19:57,12/21/2017 11:19:57
56,230603002000,兴化村街道,撤街道设社区工作站,,,12/21/2017 11:19:57,12/21/2017 11:19:57
57,230603007000,卧里屯街道,撤街道设社区工作站,,,12/21/2017 11:19:57,12/21/2017 11:19:57
58,230603008000,东光街道,撤街道设社区工作站,,,12/21/2017 11:19:57,12/21/2017 11:19:57
59,230603009000,三永街道,撤街道设社区工作站,,,12/21/2017 11:19:57,12/21/2017 11:19:57
60,230603010000,开发区黎明街道,撤街道设社区工作站,,,12/21/2017 11:19:57,12/21/2017 11:19:57
61,230604001000,龙岗街道,撤街道设社区工作站,,,12/21/2017 11:19:57,12/21/2017 11:19:57
62,230604002000,银浪街道,撤街道设社区工作站,,,12/21/2017 11:19:57,12/21/2017 11:19:57
63,230604004000,奋斗街道,撤街道设社区工作站,,,12/21/2017 11:19:57,12/21/2017 11:19:57
64,230604005000,庆新街道,撤街道设社区工作站,,,12/21/2017 11:19:57,12/21/2017 11:19:57
65,230604007000,西宾街道,撤街道设社区工作站,,,12/21/2017 11:19:57,12/21/2017 11:19:57
66,230604009000,乘风街道,撤街道设社区工作站,,,12/21/2017 11:19:57,12/21/2017 11:19:57
67,230605001000,红岗街道,撤街道设社区工作站,,,12/21/2017 11:19:57,12/21/2017 11:19:57
68,230605004000,八百垧街道,撤街道设社区工作站,,,12/21/2017 11:19:57,12/21/2017 11:19:57
69,230605005000,杏南街道,撤街道设社区工作站,,,12/21/2017 11:19:57,12/21/2017 11:19:57
70,230605006000,解放街道,撤街道设社区工作站,,,12/21/2017 11:19:57,12/21/2017 11:19:57
71,230605007000,创业街道,撤街道设社区工作站,,,12/21/2017 11:19:57,12/21/2017 11:19:57
72,230606001000,庆葡街道,撤街道设社区工作站,,,12/21/2017 11:19:57,12/21/2017 11:19:57
73,230606005000,立志街道,撤街道设社区工作站,,,12/21/2017 11:19:57,12/21/2017 11:19:57
74,230606006000,新华街道,撤街道设社区工作站,,,12/21/2017 11:19:57,12/21/2017 11:19:57
75,230111113000,长岭镇,撤镇建街道,230111009000,长岭街道,12/21/2017 11:19:57,12/21/2017 11:19:57
76,230111104000,沈家镇,撤镇建街道,230111010000,沈家街道,12/21/2017 11:19:57,12/21/2017 11:19:57
77,,,新设镇,230111114000,利业镇,12/21/2017 11:19:57,12/21/2017 11:19:57
78,230182213000,团结满族乡,撤乡建镇,230182110000,西官镇,12/21/2017 11:19:57,12/21/2017 11:19:57
79,230182207000,公正满族乡,撤乡建镇,230182111000,公正镇,12/21/2017 11:19:57,12/21/2017 11:19:57
80,230208201000,梅里斯乡,撤乡建镇,230208105000,梅里斯镇,12/21/2017 11:19:57,12/21/2017 11:19:57
81,230230200000,金城乡,撤乡建镇,230230104000,蒲峪路镇,12/21/2017 11:19:57,12/21/2017 11:19:57
82,231202205000,东富乡,撤乡建镇,231202114000,东富镇,12/21/2017 11:19:57,12/21/2017 11:19:57
83,231221201000,东郊乡,撤乡建镇,231221108000,东郊镇,12/21/2017 11:19:57,12/21/2017 11:19:57
84,231223201000,劳动乡,撤乡建镇,231223108000,劳动镇,12/21/2017 11:19:57,12/21/2017 11:19:57
85,231283215000,百祥乡,撤乡建镇,231283107000,百祥镇,12/21/2017 11:19:57,12/21/2017 11:19:57
86,230722204000,保兴乡,撤乡建镇,230722103000,保兴镇,12/21/2017 11:19:57,12/21/2017 11:19:57
87,231222209000,远大乡,撤乡建镇,231222104000,远大镇,12/21/2017 11:19:57,12/21/2017 11:19:57
88,230623203000,三合乡,撤乡建镇,230623104000,鹤鸣湖镇,12/21/2017 11:19:57,12/21/2017 11:19:57
89,231223211000,迎春乡,撤乡建镇,231223109000,迎春镇,12/21/2017 11:19:57,12/21/2017 11:19:57
90,231224209000,同乐乡,撤乡建镇,231224107000,同乐镇,12/21/2017 11:19:57,12/21/2017 11:19:57
91,231182207000,团结乡,撤乡建镇,231182106000,团结镇,12/21/2017 11:19:57,12/21/2017 11:19:57
92,231226210000,阁山乡,撤乡建镇,231226104000,阁山镇,12/21/2017 11:19:57,12/21/2017 11:19:57
93,230182204000,联兴满族乡,撤乡建镇,230113112000,联兴满族镇,12/21/2017 11:19:57,12/21/2017 11:19:57
94,230182208000,永胜乡,撤乡建镇,230113113000,永胜镇,12/21/2017 11:19:57,12/21/2017 11:19:57
95,230221214000,头站乡,撤乡建镇,230221107000,头站镇,12/21/2017 11:19:57,12/21/2017 11:19:57
96,,,新建镇,232723105000,古莲镇,12/21/2017 11:19:57,12/21/2017 11:19:57
97,310107101000,真如镇,撤镇建街道,310107021000,真如镇街道,12/21/2017 11:19:57,12/21/2017 11:19:57
98,,,新建街道,310107022000,万里街道,12/21/2017 11:19:57,12/21/2017 11:19:57
99,320923100000,阜城镇,撤销,,,12/21/2017 11:19:57,12/21/2017 11:19:57
100,,,新设街道,320923001000,阜城街道办事处,12/21/2017 11:19:57,12/21/2017 11:19:57
101,,,新设街道,320923002000,新城街道办事处,12/21/2017 11:19:57,12/21/2017 11:19:57
102,,,新设街道,320923003000,花园街道办事处,12/21/2017 11:19:57,12/21/2017 11:19:57
103,,,新设街道,320923004000,吴滩街道办事处,12/21/2017 11:19:57,12/21/2017 11:19:57
104,,,新设街道,320507008000,北河泾街道,12/21/2017 11:19:57,12/21/2017 11:19:57
105,,,新设街道,320507009000,漕湖街道,12/21/2017 11:19:57,12/21/2017 11:19:57
106,320282120000,芳桥镇,撤镇建街道,320282006000,芳桥街道,12/21/2017 11:19:57,12/21/2017 11:19:57
107,320925100000,近湖镇,撤镇建街道,320925001000,近湖街道,12/21/2017 11:19:57,12/21/2017 11:19:57
108,320925100000,近湖镇,撤镇建街道,320925002000,钟庄街道,12/21/2017 11:19:57,12/21/2017 11:19:57
109,320925100000,近湖镇,撤镇建街道,320925003000,塘河街道,12/21/2017 11:19:57,12/21/2017 11:19:57
110,321181119000,新桥镇,撤镇建新镇,321181122000,丹北镇,12/21/2017 11:19:57,12/21/2017 11:19:57
111,321181120000,后巷镇,撤镇建新镇,321181122000,丹北镇,12/21/2017 11:19:57,12/21/2017 11:19:57
112,321181121000,埤城镇,撤镇建新镇,321181122000,丹北镇,12/21/2017 11:19:57,12/21/2017 11:19:57
113,320321101000,凤城镇,撤镇建街道,320321002000,凤城街道,12/21/2017 11:19:57,12/21/2017 11:19:57
114,320321110000,孙楼镇,撤镇建街道,320321003000,孙楼街道,12/21/2017 11:19:57,12/21/2017 11:19:57
115,,,新建街道,320321001000,中阳里街道,12/21/2017 11:19:57,12/21/2017 11:19:57
116,320322101000,沛城镇,撤镇建街道,320322001000,沛城街道,12/21/2017 11:19:57,12/21/2017 11:19:57
117,320322104000,大屯镇,撤镇建街道,320322002000,大屯街道,12/21/2017 11:19:57,12/21/2017 11:19:57
118,,,新建街道,320322003000,汉兴街道,12/21/2017 11:19:57,12/21/2017 11:19:57
119,,,新建街道,320322004000,汉源街道,12/21/2017 11:19:57,12/21/2017 11:19:57
120,321204114000,姜堰镇,撤镇建街道,321204001000,罗塘街道,12/21/2017 11:19:57,12/21/2017 11:19:57
121,321204114000,姜堰镇,撤镇建街道,321204002000,三水街道,12/21/2017 11:19:57,12/21/2017 11:19:57
122,320116101000,冶山镇,撤镇建街道,320116008000,冶山街道,12/21/2017 11:19:57,12/21/2017 11:19:57
123,321111003000,官塘街道,更名,,官塘桥街道,12/21/2017 11:19:57,12/21/2017 11:19:57
124,320829100000,高良涧镇,撤镇建街道,320829001000,高良涧街道,12/21/2017 11:19:57,12/21/2017 11:19:57
125,,,新建街道,320829002000,朱坝街道,12/21/2017 11:19:57,12/21/2017 11:19:57
126,320829108000,黄集镇,撤镇建街道,320829003000,黄集街道,12/21/2017 11:19:57,12/21/2017 11:19:57
127,320829102000,仁和镇,撤销,,,12/21/2017 11:19:57,12/21/2017 11:19:57
128,320829109000,万集镇,撤销,,,12/21/2017 11:19:57,12/21/2017 11:19:57
129,320829111000,共和镇,撤销,,,12/21/2017 11:19:57,12/21/2017 11:19:57
130,321311100000,顺河镇,撤镇建街道,321311001000,顺河街道,12/21/2017 11:19:57,12/21/2017 11:19:57
131,321311100000,顺河镇,撤镇建街道,321311002000,豫新街道,12/21/2017 11:19:57,12/21/2017 11:19:57
132,321311100000,顺河镇,撤镇建街道,321311003000,下相街道,12/21/2017 11:19:57,12/21/2017 11:19:57
133,330523100000,递铺镇,撤镇建街道,330523001000,递铺街道,12/21/2017 11:19:57,12/21/2017 11:19:57
134,330523100000,递铺镇,撤镇建街道,330523002000,昌硕街道,12/21/2017 11:19:57,12/21/2017 11:19:57
135,330523100000,递铺镇,撤镇建街道,330523003000,灵峰街道,12/21/2017 11:19:57,12/21/2017 11:19:57
136,330523204000,皈山乡,撤乡建街道,330523004000,孝源街道,12/21/2017 11:19:57,12/21/2017 11:19:57
137,330824100000,城关镇,并入其他建制,,,12/21/2017 11:19:57,12/21/2017 11:19:57
138,330824206000,张湾乡,并入其他建制,,,12/21/2017 11:19:57,12/21/2017 11:19:57
139,330824209000,塘坞乡,并入其他建制,,,12/21/2017 11:19:57,12/21/2017 11:19:57
140,330824214000,金村乡,并入其他建制,,,12/21/2017 11:19:57,12/21/2017 11:19:57
141,330881203000,双溪口乡,撤销,,,12/21/2017 11:19:57,12/21/2017 11:19:57
142,331191002000,富岭街道,撤销,,,12/21/2017 11:19:57,12/21/2017 11:19:57
143,330109109000,闻堰镇,撤镇建街道,330109012000,新街街道,12/21/2017 11:19:57,12/21/2017 11:19:57
144,330109110000,宁围镇,撤镇建街道,330109013000,闻堰街道,12/21/2017 11:19:57,12/21/2017 11:19:57
145,330109111000,新街镇,撤镇建街道,330109014000,宁围街道,12/21/2017 11:19:57,12/21/2017 11:19:57
146,,,新建街道,330782008000,福田街道,12/21/2017 11:19:57,12/21/2017 11:19:57
147,330206101000,春晓镇,撤镇建街道,330206008000,梅山街道,12/21/2017 11:19:57,12/21/2017 11:19:57
148,330206200000,梅山乡,撤乡建街道,330206009000,春晓街道,12/21/2017 11:19:57,12/21/2017 11:19:57
149,330104102000,彭埠镇,撤镇建街道,330104011000,彭埠街道,12/21/2017 11:19:57,12/21/2017 11:19:57
150,330104103000,笕桥镇,撤镇建街道,330104012000,笕桥街道,12/21/2017 11:19:57,12/21/2017 11:19:57
151,330104104000,丁桥镇,撤镇建街道,330104013000,丁兰街道,12/21/2017 11:19:57,12/21/2017 11:19:57
152,330104105000,九堡镇,撤镇建街道,330104014000,九堡街道,12/21/2017 11:19:57,12/21/2017 11:19:57
153,340321208000,找郢乡,撤乡建镇,340321110000,白莲坡镇,12/21/2017 11:19:57,12/21/2017 11:19:57
154,341802100000,向阳镇,撤镇建街道,341802009000,向阳街道,12/21/2017 11:19:57,12/21/2017 11:19:57
155,341524110000,响洪甸镇,名称变更,341524110000,麻埠镇,12/21/2017 11:19:57,12/21/2017 11:19:57
156,341524210000,银山畈乡,并入其他建制,,,12/21/2017 11:19:57,12/21/2017 11:19:57
157,341524213000,张畈乡,并入其他建制,,,12/21/2017 11:19:57,12/21/2017 11:19:57
158,341524214000,水竹坪乡,并入其他建制,,,12/21/2017 11:19:57,12/21/2017 11:19:57
159,340225115000,白茆镇,整建制划归,340207103000,白茆镇,12/21/2017 11:19:57,12/21/2017 11:19:57
160,340322102000,沫河口镇,整建制划归,340311104000,沫河口镇,12/21/2017 11:19:57,12/21/2017 11:19:57
161,341522213000,三元乡,撤乡建镇,341522124000,三元镇,12/21/2017 11:19:57,12/21/2017 11:19:57
162,340123104000,高刘镇,划归管辖,340104111000,高刘镇,12/21/2017 11:19:57,12/21/2017 11:19:57
163,340123106000,小庙镇,划归管辖,340104112000,小庙镇,12/21/2017 11:19:57,12/21/2017 11:19:57
164,340403200000,三和乡,撤乡建镇,340403103000,三和镇,12/21/2017 11:19:57,12/21/2017 11:19:57
165,341222200000,胡总乡,撤乡建镇,341222126000,胡总镇,12/21/2017 11:19:57,12/21/2017 11:19:57
166,341825207000,兴隆乡,撤乡建镇,341825106000,兴隆镇,12/21/2017 11:19:57,12/21/2017 11:19:57
167,341302111000,西寺坡镇,更名,,大泽乡镇,12/21/2017 11:19:57,12/21/2017 11:19:57
168,340421209000,丁集乡,撤乡建镇,340421110000,丁集镇,12/21/2017 11:19:57,12/21/2017 11:19:57
169,341023200000,柯村乡,撤乡建镇,341023104000,柯村镇,12/21/2017 11:19:57,12/21/2017 11:19:57
170,341222203000,马集乡,撤乡建镇,341222127000,马集镇,12/21/2017 11:19:57,12/21/2017 11:19:57
171,341822202000,杨滩乡,撤乡建镇,341822105000,杨滩镇,12/21/2017 11:19:57,12/21/2017 11:19:57
172,341825208000,孙村乡,撤乡建镇,341825107000,孙村镇,12/21/2017 11:19:57,12/21/2017 11:19:57
173,341323107000,尤集镇,更名,341323107000,游集镇,12/21/2017 11:19:57,12/21/2017 11:19:57
174,341024207000,塔坊乡,撤乡建镇,341024108000,塔坊镇,12/21/2017 11:19:57,12/21/2017 11:19:57
175,341221205000,杨小街乡,撤乡建镇,341221123000,杨小街镇,12/21/2017 11:19:57,12/21/2017 11:19:57
176,350526207000,美湖乡,撤乡建镇,350526111000,美湖镇,12/21/2017 11:19:57,12/21/2017 11:19:57
177,350721201000,郑坊乡,撤乡建镇,350721109000,郑坊镇,12/21/2017 11:19:57,12/21/2017 11:19:57
178,350824208000,永平乡,撤乡建镇,350824109000,永平镇,12/21/2017 11:19:57,12/21/2017 11:19:57
179,350824201000,万安乡,撤乡建镇,350824110000,万安镇,12/21/2017 11:19:57,12/21/2017 11:19:57
180,350823203000,太拔乡,撤乡建镇,350823113000,太拔镇,12/21/2017 11:19:57,12/21/2017 11:19:57
181,350823210000,通贤乡,撤乡建镇,350823114000,通贤镇,12/21/2017 11:19:57,12/21/2017 11:19:57
182,350824202000,东留乡,撤乡建镇,350824107000,东留镇,12/21/2017 11:19:57,12/21/2017 11:19:57
183,350824207000,武东乡,撤乡建镇,350824108000,武东镇,12/21/2017 11:19:57,12/21/2017 11:19:57
184,350424203000,淮土乡,撤乡建镇,350424106000,淮土镇,12/21/2017 11:19:57,12/21/2017 11:19:57
185,350822200000,城郊乡,撤乡建镇,350803110000,城郊镇,12/21/2017 11:19:57,12/21/2017 11:19:57
186,350822203000,仙师乡,撤乡建镇,350803111000,仙师镇,12/21/2017 11:19:57,12/21/2017 11:19:57
187,350881200000,芦芝乡,撤乡建镇,350881110000,芦芝镇,12/21/2017 11:19:57,12/21/2017 11:19:57
188,360622202000,春涛乡,撤乡建镇,360622106000,春涛镇,12/21/2017 11:19:57,12/21/2017 11:19:57
189,,,新设乡,361025206000,大马头乡,12/21/2017 11:19:57,12/21/2017 11:19:57
190,,,新设镇,361022106000,华山镇,12/21/2017 11:19:57,12/21/2017 11:19:57
191,361021204000,徐家乡,撤乡建镇,361021109000,徐家镇,12/21/2017 11:19:57,12/21/2017 11:19:57
192,360222213000,峙滩乡,撤乡建镇,360222109000,峙滩镇,12/21/2017 11:19:57,12/21/2017 11:19:57
193,360281208000,十里岗乡,撤乡建镇,360281116000,十里岗镇,12/21/2017 11:19:57,12/21/2017 11:19:57
194,360429204000,文桥乡,撤乡建镇,360429105000,均桥镇,12/21/2017 11:19:57,12/21/2017 11:19:57
195,360122208000,流湖乡,撤乡建镇,360122113000,流湖镇,12/21/2017 11:19:57,12/21/2017 11:19:57
196,361102204000,秦峰乡,撤乡建镇,361102103000,秦峰镇,12/21/2017 11:19:57,12/21/2017 11:19:57
197,360902204000,洪江乡,撤乡建镇,360902122000,洪江镇,12/21/2017 11:19:57,12/21/2017 11:19:57
198,371103106000,后村镇,整建制划归,371102111000,后村镇,12/21/2017 11:19:57,12/21/2017 11:19:57
199,371725114000,黄堆集镇,更名,,黄泥冈镇,12/21/2017 11:19:57,12/21/2017 11:19:57
200,370523208000,陈官乡,撤乡建镇,370523110000,陈官镇,12/21/2017 11:19:57,12/21/2017 11:19:57
201,370812105000,兴隆庄镇,撤镇建街道,370812004000,兴隆庄街道,12/21/2017 11:19:57,12/21/2017 11:19:57
202,370826210000,西平乡,撤乡建镇,370826112000,西平镇,12/21/2017 11:19:57,12/21/2017 11:19:57
203,370828108000,鱼山镇,撤镇建街道,370828004000,鱼山街道,12/21/2017 11:19:57,12/21/2017 11:19:57
204,370828106000,王丕镇,撤镇建街道,370828003000,王丕街道,12/21/2017 11:19:57,12/21/2017 11:19:57
205,370829208000,满硐乡,撤乡建镇,370829113000,满硐镇,12/21/2017 11:19:57,12/21/2017 11:19:57
206,371522207000,俎店乡,撤乡建镇,371522121000,俎店镇,12/21/2017 11:19:57,12/21/2017 11:19:57
207,371525201000,梁堂乡,撤乡建镇,371525110000,梁堂镇,12/21/2017 11:19:57,12/21/2017 11:19:57
208,371721206000,大集乡,撤乡建镇,371721121000,大集镇,12/21/2017 11:19:57,12/21/2017 11:19:57
209,371721208000,仵楼乡,撤乡建镇,371721122000,仵楼镇,12/21/2017 11:19:57,12/21/2017 11:19:57
210,370402201000,永安乡,撤乡建镇,370402104000,永安镇,12/21/2017 11:19:57,12/21/2017 11:19:57
211,370402202000,西王庄乡,撤乡建镇,370402105000,西王庄镇,12/21/2017 11:19:57,12/21/2017 11:19:57
212,371482202000,莒镇乡,撤乡建镇,371482108000,莒镇,12/21/2017 11:19:57,12/21/2017 11:19:57
213,410211100000,杏花营镇,撤镇建街道,410211003000,杏花营街道,12/21/2017 11:19:57,12/21/2017 11:19:57
214,,,新设街道,411328004000,兴唐街道,12/21/2017 11:19:57,12/21/2017 11:19:57
215,,,新设街道,410211004000,金耀街道,12/21/2017 11:19:57,12/21/2017 11:19:57
216,,,新设街道,411725002000,三里河街道,12/21/2017 11:19:57,12/21/2017 11:19:57
217,,,新设街道,411725003000,朗陵街道,12/21/2017 11:19:57,12/21/2017 11:19:57
218,411725100000,盘龙镇,撤镇建街道,411725001000,盘龙街道,12/21/2017 11:19:57,12/21/2017 11:19:57
219,410225103000,张君墓镇,更名,410225103000,考城镇,12/21/2017 11:19:57,12/21/2017 11:19:57
220,410821202000,高村乡,更名,410821202000,王屯乡,12/21/2017 11:19:57,12/21/2017 11:19:57
221,410581203000,石板岩乡,撤乡建镇,410581115000,石板岩镇,12/21/2017 11:19:57,12/21/2017 11:19:57
222,410902202000,岳村乡,撤乡建镇,410902100000,岳村镇,12/21/2017 11:19:57,12/21/2017 11:19:57
223,410926202000,陈庄乡,撤乡建镇,410926106000,陈庄镇,12/21/2017 11:19:57,12/21/2017 11:19:57
224,410928205000,王称堌乡,撤乡建镇,410928110000,王称堌镇,12/21/2017 11:19:57,12/21/2017 11:19:57
225,,,新设街道,411023001000,新元街道,12/21/2017 11:19:57,12/21/2017 11:19:57
226,,,新设街道,411023002000,许由街道,12/21/2017 11:19:57,12/21/2017 11:19:57
227,411121205000,九街乡,撤乡建镇,411121108000,九街镇,12/21/2017 11:19:57,12/21/2017 11:19:57
228,411122205000,王孟乡,撤乡建镇,411122109000,王孟镇,12/21/2017 11:19:57,12/21/2017 11:19:57
229,411503201000,肖王乡,撤乡建镇,411503108000,肖王镇,12/21/2017 11:19:57,12/21/2017 11:19:57
230,,,新设街道,411523001000,金兰山街道,12/21/2017 11:19:57,12/21/2017 11:19:57
231,411624200000,连池乡,撤乡建镇,411624110000,连池镇,12/21/2017 11:19:57,12/21/2017 11:19:57
232,411624207000,洪山乡,撤乡建镇,411624111000,洪山镇,12/21/2017 11:19:57,12/21/2017 11:19:57
233,410522112000,蒋村镇,合并,,,12/21/2017 11:19:57,12/21/2017 11:19:57
234,410727205000,居厢乡,撤乡建镇,410727111000,居厢镇,12/21/2017 11:19:57,12/21/2017 11:19:57
235,410526208000,慈周寨乡,撤乡建镇,410526110000,慈周寨镇,12/21/2017 11:19:57,12/21/2017 11:19:57
236,410526210000,焦虎乡,撤乡建镇,410526111000,焦虎镇,12/21/2017 11:19:57,12/21/2017 11:19:57
237,410527204000,二安乡,撤乡建镇,410527107000,二安镇,12/21/2017 11:19:57,12/21/2017 11:19:57
238,410581202000,茶店乡,撤乡建镇,410581114000,茶店镇,12/21/2017 11:19:57,12/21/2017 11:19:57
239,410203200000,东郊乡,撤乡建街道,410203007000,东苑街道,12/21/2017 11:19:57,12/21/2017 11:19:57
240,410203203000,土柏岗乡,撤乡建街道,410203008000,土柏岗街道,12/21/2017 11:19:57,12/21/2017 11:19:57
241,,,新建街道,410212001000,城东街道,12/21/2017 11:19:57,12/21/2017 11:19:57
242,,,新建街道,410311009000,翠云路街道,12/21/2017 11:19:57,12/21/2017 11:19:57
243,410327110000,丰李镇,区划变更,410311106000,丰李镇,12/21/2017 11:19:57,12/21/2017 11:19:57
244,410329206000,白元乡,撤乡建镇,410329110000,白元镇,12/21/2017 11:19:57,12/21/2017 11:19:57
245,410329100000,城关镇,撤销,,,12/21/2017 11:19:57,12/21/2017 11:19:57
246,410411100000,北渡镇,撤镇建街道,410411007000,北渡街道,12/21/2017 11:19:57,12/21/2017 11:19:57
247,,,新建街道,410411008000,荆山街道,12/21/2017 11:19:57,12/21/2017 11:19:57
248,,,新建街道,410411009000,河滨街道,12/21/2017 11:19:57,12/21/2017 11:19:57
249,410421201000,赵庄乡,撤乡建镇,410421108000,赵庄镇,12/21/2017 11:19:57,12/21/2017 11:19:57
250,410422100000,昆阳镇,撤镇建街道,410422001000,昆阳街道,12/21/2017 11:19:57,12/21/2017 11:19:57
251,410422200000,城关乡,撤乡建街道,410422002000,九龙街道,12/21/2017 11:19:57,12/21/2017 11:19:57
252,,,撤乡建街道,410422003000,盐都街道,12/21/2017 11:19:57,12/21/2017 11:19:57
253,410423200000,赵村乡,撤乡建镇,410423106000,赵村镇,12/21/2017 11:19:57,12/21/2017 11:19:57
254,410423205000,瓦屋乡,撤乡建镇,410423107000,瓦屋镇,12/21/2017 11:19:57,12/21/2017 11:19:57
255,410725100000,城关镇,撤镇建街道,410725001000,原兴街道,12/21/2017 11:19:57,12/21/2017 11:19:57
256,,,新建街道,410725002000,阳和街道,12/21/2017 11:19:57,12/21/2017 11:19:57
257,410728208000,佘家乡,撤乡建镇,410728195000,佘家镇,12/21/2017 11:19:57,12/21/2017 11:19:57
258,410822100000,清化镇,撤镇建街道,410822001000,清化镇街道,12/21/2017 11:19:57,12/21/2017 11:19:57
259,,,新建街道,410822002000,鸿昌街道,12/21/2017 11:19:57,12/21/2017 11:19:57
260,,,新建街道,410990005000,濮上街道,12/21/2017 11:19:57,12/21/2017 11:19:57
261,411103200000,黑龙潭乡,撤乡建镇,411103107000,黑龙潭镇,12/21/2017 11:19:57,12/21/2017 11:19:57
262,411122200000,大郭乡,撤乡建镇,411122110000,大郭镇,12/21/2017 11:19:57,12/21/2017 11:19:57
263,411302203000,金华乡,撤乡建镇,411302106000,金华镇,12/21/2017 11:19:57,12/21/2017 11:19:57
264,411327212000,陌陂乡,撤乡建镇,411327114000,陌陂镇,12/21/2017 11:19:57,12/21/2017 11:19:57
265,411403206000,毛堌堆乡,撤乡建镇,411403109000,毛堌堆镇,12/21/2017 11:19:57,12/21/2017 11:19:57
266,411421100000,城关镇,撤镇建街道,411421001000,绿洲街道,12/21/2017 11:19:57,12/21/2017 11:19:57
267,411421100000,城关镇,撤镇建街道,411421002000,南华街道,12/21/2017 11:19:57,12/21/2017 11:19:57
268,411424210000,伯岗乡,撤乡建镇,411424108000,伯岗镇,12/21/2017 11:19:57,12/21/2017 11:19:57
269,411425213000,稍岗乡,撤乡建镇,411425110000,稍岗镇,12/21/2017 11:19:57,12/21/2017 11:19:57
270,411481100000,演集镇,撤镇建街道,411481001000,演集街道,12/21/2017 11:19:57,12/21/2017 11:19:57
271,411481101000,城关镇,撤镇建街道,411481002000,崇法寺街道,12/21/2017 11:19:57,12/21/2017 11:19:57
272,411481201000,侯岭乡,撤乡建街道,411481003000,侯岭街道,12/21/2017 11:19:57,12/21/2017 11:19:57
273,411481200000,城厢乡,撤乡建街道,411481004000,沱滨街道,12/21/2017 11:19:57,12/21/2017 11:19:57
274,,,新建街道,411481005000,日月湖街道,12/21/2017 11:19:57,12/21/2017 11:19:57
275,,,新建街道,411481006000,雪枫街道,12/21/2017 11:19:57,12/21/2017 11:19:57
276,411481204000,双桥乡,撤乡建镇,411481124000,双桥镇,12/21/2017 11:19:57,12/21/2017 11:19:57
277,411481207000,卧龙乡,撤乡建镇,411481125000,卧龙镇,12/21/2017 11:19:57,12/21/2017 11:19:57
278,411524206000,金刚台乡,撤乡建镇,411524110000,金刚台镇,12/21/2017 11:19:57,12/21/2017 11:19:57
279,411722206000,和店乡,撤乡建镇,411722110000,和店镇,12/21/2017 11:19:57,12/21/2017 11:19:57
280,,,新建街道,411727004000,宿鸭湖街道,12/21/2017 11:19:57,12/21/2017 11:19:57
281,420114004000,侏儒街道,更名,420114004000,侏儒山街道,12/21/2017 11:19:57,12/21/2017 11:19:57
282,421381205000,太平乡,撤乡建镇,421381111000,太平镇,12/21/2017 11:19:57,12/21/2017 11:19:57
283,421381206000,李店乡,撤乡建镇,421381112000,李店镇,12/21/2017 11:19:57,12/21/2017 11:19:57
284,421381204000,骆店乡,撤乡建镇,421381113000,骆店镇,12/21/2017 11:19:57,12/21/2017 11:19:57
285,421381200000,城郊乡,撤乡建镇,421381004000,城郊街道,12/21/2017 11:19:57,12/21/2017 11:19:57
286,,,新建街道,420607003000,肖湾街道,12/21/2017 11:19:57,12/21/2017 11:19:57
